Model,Accuracy,Precision,Recall,F1 Score,AUC-ROC
GRU,1.0,1.0,1.0,1.0,1.0
BIDIRECTIONAL_LSTM,0.9333333333333333,0.875,1.0,0.9333333333333333,0.9821428571428572
SIMPLE_RNN,0.9333333333333333,0.875,1.0,0.9333333333333333,0.9464285714285714
LSTM,0.6666666666666666,0.625,0.7142857142857143,0.6666666666666666,0.6785714285714286
